ID,2008,2009,2010,2011,2012,2013,2014,2015,2016,2017,2018,2019,2020,2021,2022,2023,2024
2,1,1,1,4,5,5,5,5,5,5,5,5,5,5,5,5,5
3,1,1,1,1,1,1,1,1,1,1,1,1,4,5,5,5,5
6,1,1,1,1,1,1,4,5,5,5,5,5,5,5,5,5,5
7,1,1,1,1,1,1,1,1,3,5,5,5,5,5,5,5,5
8,1,1,1,3,5,5,5,5,5,5,5,5,5,5,5,5,5
9,4,5,5,5,5,5,5,5,5,5,5,5,5,5,5,5,5
10,4,5,5,5,5,5,5,5,5,5,5,5,5,5,5,5,5
11,1,5,5,5,5,5,5,5,5,5,5,5,5,5,5,5,5
12,1,1,1,5,5,5,5,5,5,5,5,5,5,5,5,5,5
17,4,5,5,5,5,5,5,5,5,5,5,5,5,5,5,5,5
18,1,1,4,5,5,5,5,5,5,5,5,5,5,5,5,5,5
20,1,1,4,5,5,5,5,5,5,5,5,5,5,5,5,5,5
21,1,1,1,1,1,1,1,3,5,5,5,5,5,5,5,5,5
23,1,1,1,1,4,5,5,5,5,5,5,5,5,5,5,5,5
24,1,1,1,5,5,5,5,5,5,5,5,5,5,5,5,5,5
25,4,5,5,5,5,5,5,5,5,5,5,5,5,5,5,5,5
26,4,5,5,5,5,5,5,5,5,5,5,5,5,5,5,5,5
27,1,1,1,1,1,1,4,5,5,5,5,5,5,5,5,5,5
30,1,1,1,1,1,4,5,5,5,5,5,5,5,5,5,5,5
32,1,1,1,5,5,5,5,5,5,5,5,5,5,5,5,5,5
34,1,1,1,1,1,1,1,1,5,5,5,5,5,5,5,5,5
36,1,1,1,1,1,1,1,1,1,5,5,5,5,5,5,5,5
38,1,1,1,5,5,5,5,5,5,5,5,5,5,5,5,5,5
40,1,3,5,5,5,5,5,5,5,5,5,5,5,5,5,5,5
41,1,1,5,5,5,5,5,5,5,5,5,5,5,5,5,5,5
43,1,1,1,1,4,5,5,5,5,5,5,5,5,5,5,5,5
44,1,1,1,1,1,1,1,1,4,5,5,5,5,5,5,5,5
46,1,1,1,1,1,1,1,1,4,5,5,5,5,5,5,5,5
47,1,1,1,1,1,1,1,1,3,5,5,5,5,5,5,5,5
48,3,5,5,5,5,5,5,5,5,5,5,5,5,5,5,5,5
49,1,1,4,5,5,5,5,5,5,5,5,5,5,5,5,5,5
50,1,1,1,5,5,5,5,5,5,5,5,5,5,5,5,5,5
51,1,1,1,1,1,1,4,5,5,5,5,5,5,5,5,5,5
53,1,1,1,4,5,5,5,5,5,5,5,5,5,5,5,5,5
54,1,1,1,1,1,1,1,1,3,5,5,5,5,5,5,5,5
55,1,1,1,4,5,5,5,5,5,5,5,5,5,5,5,5,5
57,1,1,1,1,5,1,5,2,5,5,5,5,5,5,5,5,5
58,1,1,1,1,1,3,5,5,5,5,5,5,5,5,5,5,5
59,1,1,1,1,1,1,5,5,5,5,5,5,5,5,5,5,5
61,1,1,1,1,1,4,5,5,5,5,5,5,5,5,5,5,5
64,1,1,1,1,1,1,1,1,1,1,5,5,5,5,5,5,5
66,1,1,5,5,5,5,5,5,5,5,5,5,5,5,5,5,5
68,1,1,1,1,1,1,4,5,5,5,5,5,5,5,5,5,5
70,1,1,1,1,1,1,4,5,5,5,5,5,5,5,5,5,5
74,1,1,5,5,5,5,5,5,5,5,5,5,5,5,5,5,5
75,1,1,5,5,5,5,5,5,5,5,5,5,5,5,5,5,5
76,1,1,1,1,4,5,5,5,5,5,5,5,5,5,5,5,5
77,1,1,1,1,1,5,5,5,5,5,5,5,5,5,5,5,5
78,1,1,1,4,5,5,5,5,5,5,5,5,5,5,5,5,5
80,1,1,4,5,5,5,5,5,5,5,5,5,5,5,5,5,5
81,1,1,1,1,1,1,1,1,4,5,5,5,5,5,5,5,5
85,999,1,1,4,5,5,5,5,5,5,5,5,5,5,5,5,5
86,999,1,1,1,1,1,1,1,1,1,1,1,1,5,5,5,5
87,999,1,4,5,5,5,5,5,5,5,5,5,5,5,5,5,5
88,999,1,1,1,2,2,5,5,5,2,3,5,5,5,5,5,5
89,999,1,1,1,1,1,1,1,1,1,4,5,5,5,5,5,5
90,999,1,1,5,5,5,5,5,5,5,5,5,5,5,5,5,5
92,999,1,4,5,5,5,5,5,5,5,5,5,5,5,5,5,5
94,999,1,5,5,5,5,5,5,5,5,5,5,5,5,5,5,5
97,999,1,1,1,3,5,5,5,5,5,5,5,5,5,5,5,5
100,999,4,5,5,5,5,5,5,5,5,5,5,5,5,5,5,5
101,999,1,1,1,1,1,1,1,1,1,1,1,1,5,5,5,5
102,999,1,1,1,1,1,5,5,5,5,5,5,5,5,5,5,5
104,999,4,5,5,5,5,5,5,5,5,5,5,5,5,5,5,5
105,999,1,1,1,4,5,5,5,5,5,5,5,5,5,5,5,5
106,999,4,5,5,5,5,5,5,5,5,5,5,5,5,5,5,5
108,999,4,5,5,5,5,5,5,5,5,5,5,5,5,5,5,5
111,999,1,1,1,4,5,5,5,5,5,5,5,5,5,5,5,5
112,999,1,1,1,1,1,1,1,4,5,5,5,5,5,5,5,5
113,999,1,1,1,1,1,1,4,5,5,5,5,5,5,5,5,5
115,999,1,1,1,1,1,5,5,5,5,5,5,5,5,5,5,5
116,999,1,1,1,1,1,5,5,5,5,5,5,5,5,5,5,5
121,999,1,5,5,5,5,5,5,5,5,5,5,5,5,5,5,5
122,999,1,2,2,5,5,5,5,5,5,5,5,5,5,5,5,5
125,999,1,1,1,1,1,1,1,1,1,1,1,1,1,1,1,1
126,999,1,1,1,1,1,1,1,1,1,1,1,1,1,4,5,5
129,999,1,1,1,1,4,5,5,5,5,5,5,5,5,5,5,5
131,999,1,1,1,1,4,5,5,5,5,5,5,5,5,5,5,5
133,999,1,1,1,1,1,1,5,5,5,5,5,5,5,5,5,5
135,999,1,1,1,1,1,1,5,5,5,5,5,5,5,5,5,5
137,999,1,1,1,1,1,1,1,1,1,5,5,5,5,5,5,5
139,999,1,1,1,1,1,1,4,5,5,5,5,5,5,5,5,5
140,999,4,5,5,5,5,5,5,5,5,5,5,5,5,5,5,5
141,999,1,1,1,1,3,5,5,5,5,5,5,5,5,5,5,5
142,999,1,5,5,5,5,5,5,5,5,5,5,5,5,5,5,5
145,999,1,1,5,5,5,5,5,5,5,5,5,5,5,5,5,5
148,999,1,1,1,4,5,5,5,5,5,5,5,5,5,5,5,5
150,999,1,1,1,1,3,5,5,5,5,5,5,5,5,5,5,5
151,999,1,1,1,1,1,1,1,1,1,1,1,1,3,5,5,5
152,999,1,1,1,1,1,4,5,5,5,5,5,5,5,5,5,5
154,999,1,1,1,1,1,4,5,5,5,5,5,5,5,5,5,5
155,999,1,1,1,1,1,1,1,4,5,5,5,5,5,5,5,5
156,999,1,1,1,1,1,1,1,1,5,5,5,5,5,5,5,5
159,999,1,1,1,1,1,1,1,1,4,5,5,5,5,5,5,5
166,999,1,1,1,1,1,1,1,1,5,5,5,5,5,5,5,5
175,999,999,1,4,5,5,5,5,5,5,5,5,5,5,5,5,5
180,999,999,1,1,1,1,1,1,5,5,5,5,5,5,5,5,5
189,999,999,1,3,5,5,5,5,5,5,5,5,5,5,5,5,5
191,999,999,1,1,1,1,1,1,1,1,1,2,5,5,5,5,5
193,999,999,1,1,1,1,1,1,1,1,1,1,1,1,5,5,5
194,999,999,1,1,1,1,1,4,5,5,5,5,5,5,5,5,5
198,999,999,4,5,5,5,5,5,5,5,5,5,5,5,5,5,5
199,999,999,1,1,1,1,1,1,4,5,5,5,5,5,5,5,5
205,999,999,1,1,1,1,4,5,5,5,5,5,5,5,5,5,5
206,999,999,1,1,1,1,1,1,1,1,1,1,1,5,5,5,5
207,999,999,1,1,1,1,1,1,1,1,5,5,5,5,5,5,5
208,999,999,1,1,1,5,5,5,5,5,5,5,5,5,5,5,5
210,999,999,1,1,5,5,5,5,5,5,5,5,5,5,5,5,5
211,999,999,1,1,1,1,1,1,3,5,5,5,5,5,5,5,5
215,999,999,1,1,1,1,5,5,5,5,5,5,5,5,5,5,5
216,999,999,1,4,5,5,5,5,5,5,5,5,5,5,5,5,5
217,999,999,1,1,1,1,1,1,1,1,5,5,5,5,5,5,5
219,999,999,4,5,5,5,5,5,5,5,5,5,5,5,5,5,5
224,999,999,1,1,1,1,1,1,1,1,1,1,1,1,1,1,5
228,999,999,1,1,1,4,5,5,5,5,5,5,5,5,5,5,5
236,999,999,1,1,1,1,4,5,5,5,5,5,5,5,5,5,5
237,999,999,1,1,1,5,5,5,5,5,5,5,5,5,5,5,5
242,999,999,1,1,1,1,1,1,1,1,1,1,1,1,1,1,1
244,999,999,1,1,1,1,1,1,1,1,1,1,1,1,4,5,5
246,999,999,1,1,1,1,4,5,5,5,5,5,5,5,5,5,5
247,999,999,1,1,1,1,1,1,1,4,5,5,5,5,5,5,5
249,999,999,1,1,1,1,1,1,1,1,1,1,1,3,5,5,5
250,999,999,1,1,1,1,1,1,4,5,5,5,5,5,5,5,5
253,999,999,1,1,4,5,5,5,5,5,5,5,5,5,5,5,5
258,999,999,1,1,1,1,1,1,1,4,5,5,5,5,5,5,5
263,999,999,1,1,4,5,5,5,5,5,5,5,5,5,5,5,5
265,999,999,1,1,1,1,3,5,5,5,5,5,5,5,5,5,5
270,999,999,1,1,5,5,5,5,5,5,5,5,5,5,5,5,5
275,999,999,1,1,3,5,5,5,5,5,5,5,5,5,5,5,5
276,999,999,1,1,1,1,1,1,1,1,1,1,4,5,5,5,5
290,999,999,1,5,5,5,5,5,5,5,5,5,5,5,5,5,5
302,999,999,1,1,1,1,1,1,4,5,5,5,5,5,5,5,5
303,999,999,1,1,1,1,4,5,5,5,5,5,5,5,5,5,5
310,999,999,1,1,1,1,4,5,5,5,5,5,5,5,5,5,5
311,999,999,999,1,1,1,1,1,1,1,1,1,1,1,1,1,1
314,999,999,1,1,1,1,1,1,4,5,5,5,5,5,5,5,5
317,999,999,4,5,5,5,5,5,5,5,5,5,5,5,5,5,5
318,999,999,1,1,1,1,1,1,1,1,1,1,1,3,5,5,5
337,999,999,999,1,1,1,1,1,1,1,3,5,5,5,5,5,5
342,999,999,999,1,1,1,1,1,1,1,1,1,1,1,4,5,5
344,999,999,999,1,1,1,4,5,5,5,5,5,5,5,5,5,5
349,999,999,999,1,1,1,1,1,1,1,3,5,5,5,5,5,5
353,999,999,4,5,5,5,5,5,5,5,5,5,5,5,5,5,5
363,999,999,999,1,1,1,1,1,2,4,5,5,5,5,5,5,5
371,999,999,999,1,1,4,5,5,5,5,5,5,5,5,5,5,5
374,999,999,999,1,1,1,1,1,3,5,5,5,5,5,5,5,5
376,999,999,999,1,1,1,4,5,5,5,5,5,5,5,5,5,5
380,999,999,999,1,1,1,1,1,3,5,5,5,5,5,5,5,5
386,999,999,999,1,1,1,1,1,1,5,5,5,5,5,5,5,5
387,999,999,999,1,1,1,1,1,1,1,1,1,1,1,1,5,5
388,999,999,999,1,1,1,4,5,5,5,5,5,5,5,5,5,5
391,999,999,999,1,1,1,1,1,1,1,1,1,1,1,1,5,5
394,999,999,999,1,1,1,1,1,1,4,5,5,5,5,5,5,5
396,999,999,999,1,1,1,1,1,1,1,5,5,5,5,5,5,5
401,999,999,999,1,1,1,1,1,1,5,5,5,5,5,5,5,5
403,999,999,999,1,1,1,4,5,5,5,5,5,5,5,5,5,5
407,999,999,999,1,1,1,4,5,5,5,5,5,5,5,5,5,5
409,999,999,999,1,4,5,5,5,5,5,5,5,5,5,5,5,5
411,999,999,999,4,5,5,5,5,5,5,5,5,5,5,5,5,5
413,999,999,999,1,1,1,1,5,5,5,5,5,5,5,5,5,5
414,999,999,999,1,1,1,1,1,4,5,5,5,5,5,5,5,5
418,999,999,999,1,1,1,1,1,1,5,5,5,5,5,5,5,5
426,999,999,999,4,5,5,5,5,5,5,5,5,5,5,5,5,5
428,999,999,999,1,1,1,4,5,5,5,5,5,5,5,5,5,5
429,999,999,999,1,1,1,1,1,1,1,1,1,1,5,5,5,5
431,999,999,999,1,1,1,1,1,1,1,5,5,5,5,5,5,5
435,999,999,999,1,1,1,4,5,5,5,5,5,5,5,5,5,5
441,999,999,999,1,1,1,1,1,2,2,2,2,1,1,1,1,2
447,999,999,999,1,1,1,1,1,1,3,5,5,5,5,5,5,5
471,999,999,999,999,1,1,1,1,1,1,1,1,1,1,1,1,1
475,999,999,999,999,1,1,1,4,5,5,5,5,5,5,5,5,5
476,999,999,999,999,1,1,1,1,1,5,5,5,5,5,5,5,5
481,999,999,999,999,4,5,5,5,5,5,5,5,5,5,5,5,5
485,999,999,999,999,1,1,1,1,1,4,5,5,5,5,5,5,5
486,999,999,999,999,1,1,5,5,5,5,5,5,5,5,5,5,5
491,999,999,999,999,1,1,1,1,1,3,5,5,5,5,5,5,5
492,999,999,999,999,1,1,1,1,1,1,1,1,5,5,5,5,5
495,999,999,999,999,1,4,5,5,5,5,5,5,5,5,5,5,5
499,999,999,999,999,1,1,1,1,5,5,5,5,5,5,5,5,5
503,999,999,999,999,1,1,1,1,1,1,1,5,5,5,5,5,5
508,999,999,999,999,1,1,1,1,4,5,5,5,5,5,5,5,5
510,999,999,999,999,1,1,1,1,1,1,1,1,1,1,1,5,5
511,999,999,999,999,1,1,4,5,5,5,5,5,5,5,5,5,5
513,999,999,999,999,1,1,4,5,5,5,5,5,5,5,5,5,5
515,999,999,999,999,4,5,5,5,5,5,5,5,5,5,5,5,5
517,999,999,999,999,1,1,1,1,4,5,5,5,5,5,5,5,5
519,999,999,999,999,1,1,1,1,1,1,1,1,1,1,3,5,5
521,999,999,999,999,1,1,1,1,1,1,1,1,1,1,4,5,5
522,999,999,999,999,1,1,1,1,1,1,1,1,1,1,1,1,1
523,999,999,999,999,1,1,1,1,4,5,5,5,5,5,5,5,5
525,999,999,999,999,1,1,1,1,1,1,1,1,4,5,5,5,5
529,999,999,999,999,1,1,1,1,1,1,1,1,1,1,1,1,1
553,999,999,999,999,1,1,1,1,1,1,1,1,1,5,5,5,5
557,999,999,999,999,1,1,1,1,1,4,5,5,5,5,5,5,5
558,999,999,999,999,1,1,1,1,1,1,1,1,1,1,1,1,1
562,999,999,999,999,999,1,1,1,1,1,1,1,1,1,1,1,1
578,999,999,999,999,999,1,1,1,1,3,5,5,5,5,5,5,5
586,999,999,999,999,999,1,1,1,1,1,1,1,1,1,5,5,5
596,999,999,999,999,999,1,1,1,1,5,5,5,5,5,5,5,5
603,999,999,999,999,999,1,1,1,1,3,5,5,5,5,5,5,5
607,999,999,999,999,999,1,1,1,1,1,1,1,1,1,1,1,5
612,999,999,999,999,999,1,1,1,1,1,1,1,1,1,1,1,2
616,999,999,999,999,999,1,4,5,5,5,5,5,5,5,5,5,5
623,999,999,999,999,999,1,1,1,1,1,1,1,1,1,1,1,1
625,999,999,999,999,999,1,1,1,1,1,1,1,1,1,1,5,5
629,999,999,999,999,999,1,1,5,5,5,5,5,5,5,5,5,5
635,999,999,999,999,999,1,1,1,1,1,1,1,4,5,5,5,5
639,999,999,999,999,999,1,3,5,5,5,5,5,5,5,5,5,5
643,999,999,999,999,999,1,1,1,1,1,1,1,1,1,5,5,5
645,999,999,999,999,999,1,1,1,1,1,1,1,1,1,4,5,5
647,999,999,999,999,999,1,1,1,1,1,1,1,1,1,1,1,1
652,999,999,999,999,999,1,1,2,2,2,2,2,5,5,5,5,5
654,999,999,999,999,999,4,5,5,5,5,5,5,5,5,5,5,5
665,999,999,999,999,999,999,1,1,5,5,5,5,5,5,5,5,5
666,999,999,999,999,999,999,1,1,1,3,5,5,5,5,5,5,5
676,999,999,999,999,999,999,1,1,3,5,5,5,5,5,5,5,5
679,999,999,999,999,999,999,1,1,1,4,5,5,5,5,5,5,5
680,999,999,999,999,999,999,1,1,1,1,1,1,1,1,1,1,1
684,999,999,999,999,999,999,1,1,1,5,5,5,5,5,5,5,5
685,999,999,999,999,999,999,1,1,5,5,5,5,5,5,5,5,5
688,999,999,999,999,999,999,4,5,5,5,5,5,5,5,5,5,5
718,999,999,999,999,999,999,1,1,1,4,5,5,5,5,5,5,5
721,999,999,999,999,999,999,1,5,5,5,5,5,5,5,5,5,5
729,999,999,999,999,999,999,1,1,1,3,5,5,5,5,5,5,5
731,999,999,999,999,999,999,1,1,1,1,1,1,1,1,1,4,5
734,999,999,999,999,999,999,1,1,1,1,1,1,1,1,1,1,1
739,999,999,999,999,999,999,1,1,1,2,2,2,5,5,5,5,5
740,999,999,999,999,999,999,4,5,5,5,5,5,5,5,5,5,5
743,999,999,999,999,999,999,1,1,1,1,1,1,1,3,5,5,5
745,999,999,999,999,999,999,1,1,1,1,1,1,1,1,1,1,1
752,999,999,999,999,999,999,4,5,5,5,5,5,5,5,5,5,5
754,999,999,999,999,999,999,1,1,4,5,5,5,5,5,5,5,5
771,999,999,999,999,999,999,1,1,1,1,1,1,4,5,5,5,5
777,999,999,999,999,999,999,4,5,5,5,5,5,5,5,5,5,5
807,999,999,999,999,999,999,999,1,1,1,1,1,1,1,4,5,5
811,999,999,999,999,999,999,999,1,1,3,5,5,5,5,5,5,5
816,999,999,999,999,999,999,999,1,1,3,5,5,5,5,5,5,5
821,999,999,999,999,999,999,999,1,1,4,5,5,5,5,5,5,5
824,999,999,999,999,999,999,999,1,1,1,1,4,5,5,5,5,5
827,999,999,999,999,999,999,999,1,1,1,1,1,1,1,1,1,1
831,999,999,999,999,999,999,999,1,1,1,1,1,1,5,5,5,5
832,999,999,999,999,999,999,999,1,1,1,1,2,2,5,2,2,5
834,999,999,999,999,999,999,999,1,1,1,1,1,1,1,1,1,5
835,999,999,999,999,999,999,999,1,1,4,5,5,5,5,5,5,5
839,999,999,999,999,999,999,999,1,1,1,1,1,1,1,1,1,1
847,999,999,999,999,999,999,999,1,1,1,1,1,1,1,1,1,1
851,999,999,999,999,999,999,999,1,1,1,1,1,1,1,1,1,1
852,999,999,999,999,999,999,999,3,5,5,5,5,5,5,5,5,5
874,999,999,999,999,999,999,999,4,5,5,5,5,5,5,5,5,5
876,999,999,999,999,999,999,999,1,1,4,5,5,5,5,5,5,5
888,999,999,999,999,999,999,999,999,1,1,1,4,5,5,5,5,5
889,999,999,999,999,999,999,999,999,1,1,1,2,5,5,5,5,5
892,999,999,999,999,999,999,999,999,1,1,1,1,1,5,5,5,5
893,999,999,999,999,999,999,999,999,1,1,1,5,5,5,5,5,5
895,999,999,999,999,999,999,999,999,1,1,1,1,1,1,1,1,1
897,999,999,999,999,999,999,999,999,1,1,1,1,1,1,3,5,5
901,999,999,999,999,999,999,999,999,1,1,1,1,1,1,1,1,1
902,999,999,999,999,999,999,999,999,1,1,4,5,5,5,5,5,5
906,999,999,999,999,999,999,999,999,1,1,1,1,4,5,5,5,5
908,999,999,999,999,999,999,999,999,1,1,1,1,1,1,1,1,1
909,999,999,999,999,999,999,999,999,1,1,1,1,1,1,1,1,1
911,999,999,999,999,999,999,999,999,4,5,5,5,5,5,5,5,5
913,999,999,999,999,999,999,999,999,1,1,1,1,4,5,5,5,5
914,999,999,999,999,999,999,999,999,1,1,1,1,1,1,1,1,1
915,999,999,999,999,999,999,999,999,1,4,5,5,5,5,5,5,5
917,999,999,999,999,999,999,999,999,1,1,1,1,1,1,1,1,1
918,999,999,999,999,999,999,999,999,1,1,1,1,4,5,5,5,5
919,999,999,999,999,999,999,999,999,1,4,5,5,5,5,5,5,5
921,999,999,999,999,999,999,999,999,1,1,1,1,1,1,5,5,5
923,999,999,999,999,999,999,999,999,1,1,1,1,1,1,5,5,5
924,999,999,999,999,999,999,999,999,1,1,1,1,1,1,1,1,1
928,999,999,999,999,999,999,999,999,1,1,1,1,1,1,1,1,1
931,999,999,999,999,999,999,999,999,1,1,1,1,1,1,1,1,1
944,999,999,999,999,999,999,999,999,1,1,1,1,1,1,1,1,1
951,999,999,999,999,999,999,999,999,1,1,5,5,5,5,5,5,5
954,999,999,999,999,999,999,999,999,1,1,1,1,1,1,1,1,1
955,999,999,999,999,999,999,999,999,1,1,5,5,5,5,5,5,5
957,999,999,999,999,999,999,999,999,3,5,5,5,5,5,5,5,5
958,999,999,999,999,999,999,999,999,1,1,1,1,1,1,1,1,1
959,999,999,999,999,999,999,999,999,1,1,5,5,5,5,5,5,5
962,999,999,999,999,999,999,999,999,1,1,1,1,1,1,1,5,5
963,999,999,999,999,999,999,999,999,1,1,1,1,1,1,1,1,1
965,999,999,999,999,999,999,999,999,1,1,1,1,1,5,5,5,5
967,999,999,999,999,999,999,999,999,3,5,5,5,5,5,5,5,5
970,999,999,999,999,999,999,999,999,1,1,1,1,1,1,4,5,5
972,999,999,999,999,999,999,999,999,1,1,1,1,1,1,1,1,5
974,999,999,999,999,999,999,999,999,4,5,5,5,5,5,5,5,5
975,999,999,999,999,999,999,999,999,1,1,1,1,1,5,5,5,5
976,999,999,999,999,999,999,999,999,1,1,1,4,5,5,5,5,5
978,999,999,999,999,999,999,999,999,4,5,5,5,5,5,5,5,5
981,999,999,999,999,999,999,999,999,1,1,1,1,1,1,1,1,1
983,999,999,999,999,999,999,999,999,4,5,5,5,5,5,5,5,5
985,999,999,999,999,999,999,999,999,1,1,1,1,1,1,1,1,1
986,999,999,999,999,999,999,999,999,1,1,1,1,1,1,1,1,1
995,999,999,999,999,999,999,999,999,4,5,5,5,5,5,5,5,5
1001,999,999,999,999,999,999,999,999,1,1,1,1,1,1,1,1,1
1008,999,999,999,999,999,999,999,999,1,1,1,5,5,5,5,5,5
1026,999,999,999,999,999,999,999,999,999,1,1,4,5,5,5,5,5
1027,999,999,999,999,999,999,999,999,999,1,1,4,5,5,5,5,5
1033,999,999,999,999,999,999,999,999,999,1,4,5,5,5,5,5,5
1035,999,999,999,999,999,999,999,999,999,4,5,5,5,5,5,5,5
1038,999,999,999,999,999,999,999,999,999,1,1,1,1,1,1,1,1
1040,999,999,999,999,999,999,999,999,999,1,1,1,1,1,5,5,5
1044,999,999,999,999,999,999,999,999,999,1,1,3,5,5,5,5,5
1045,999,999,999,999,999,999,999,999,999,1,4,5,5,5,5,5,5
1050,999,999,999,999,999,999,999,999,999,1,1,1,5,5,5,5,5
1054,999,999,999,999,999,999,999,999,999,1,1,1,1,1,1,1,1
1057,999,999,999,999,999,999,999,999,999,1,1,1,1,1,1,1,1
1058,999,999,999,999,999,999,999,999,999,1,1,1,1,1,1,1,1
1064,999,999,999,999,999,999,999,999,999,1,1,2,1,2,2,2,2
1066,999,999,999,999,999,999,999,999,999,1,1,1,5,5,5,5,5
1067,999,999,999,999,999,999,999,999,999,1,1,1,1,1,5,5,5
1070,999,999,999,999,999,999,999,999,999,1,1,1,1,5,5,5,5
1071,999,999,999,999,999,999,999,999,999,1,1,1,1,1,1,1,1
1072,999,999,999,999,999,999,999,999,999,1,1,1,1,1,1,1,1
1074,999,999,999,999,999,999,999,999,999,1,1,1,4,5,5,5,5
1079,999,999,999,999,999,999,999,999,999,1,1,1,1,1,1,1,1
1081,999,999,999,999,999,999,999,999,999,1,1,1,1,1,1,1,5
1087,999,999,999,999,999,999,999,999,999,1,1,1,1,1,1,1,1
1090,999,999,999,999,999,999,999,999,999,1,1,5,5,5,5,5,5
1093,999,999,999,999,999,999,999,999,999,1,1,1,5,5,5,5,5
1094,999,999,999,999,999,999,999,999,999,1,1,1,1,1,1,1,1
1095,999,999,999,999,999,999,999,999,999,1,1,1,1,1,1,1,1
1096,999,999,999,999,999,999,999,999,999,1,1,1,5,5,5,5,5
1099,999,999,999,999,999,999,999,999,999,1,1,1,1,1,5,5,5
1101,999,999,999,999,999,999,999,999,999,1,1,1,1,1,4,5,5
1103,999,999,999,999,999,999,999,999,999,999,1,1,1,1,1,1,1
1107,999,999,999,999,999,999,999,999,999,999,1,1,1,1,1,4,5
1108,999,999,999,999,999,999,999,999,999,999,1,1,5,5,5,5,5
1110,999,999,999,999,999,999,999,999,999,999,1,1,1,1,1,1,1
1115,999,999,999,999,999,999,999,999,999,999,1,1,1,5,5,5,5
1116,999,999,999,999,999,999,999,999,999,999,1,1,1,5,5,5,5
1118,999,999,999,999,999,999,999,999,999,999,1,1,1,1,1,1,1
1119,999,999,999,999,999,999,999,999,999,999,1,1,1,1,1,1,1
1124,999,999,999,999,999,999,999,999,999,999,1,1,1,1,1,1,1
1125,999,999,999,999,999,999,999,999,999,999,1,1,1,1,1,5,1
1132,999,999,999,999,999,999,999,999,999,999,1,1,1,1,1,1,1
1135,999,999,999,999,999,999,999,999,999,999,1,1,1,5,5,5,5
1138,999,999,999,999,999,999,999,999,999,999,1,1,1,5,5,5,5
1142,999,999,999,999,999,999,999,999,999,999,1,1,1,1,4,5,5
1143,999,999,999,999,999,999,999,999,999,999,1,1,1,1,1,5,5
1145,999,999,999,999,999,999,999,999,999,999,1,1,1,1,1,1,1
1146,999,999,999,999,999,999,999,999,999,999,1,1,1,5,5,5,5
1147,999,999,999,999,999,999,999,999,999,999,1,1,1,5,5,5,5
1148,999,999,999,999,999,999,999,999,999,999,1,1,1,1,1,1,1
1151,999,999,999,999,999,999,999,999,999,999,1,1,1,5,5,5,5
1152,999,999,999,999,999,999,999,999,999,999,1,1,5,5,5,5,5
1154,999,999,999,999,999,999,999,999,999,999,1,1,1,1,1,1,1
1156,999,999,999,999,999,999,999,999,999,999,1,1,1,4,5,5,5
1160,999,999,999,999,999,999,999,999,999,999,1,1,1,1,1,1,1
1161,999,999,999,999,999,999,999,999,999,999,999,1,1,1,1,1,1
1163,999,999,999,999,999,999,999,999,999,999,999,1,1,1,1,1,1
1165,999,999,999,999,999,999,999,999,999,999,999,1,1,1,4,5,5
1166,999,999,999,999,999,999,999,999,999,999,999,1,1,3,5,5,5
1167,999,999,999,999,999,999,999,999,999,999,999,1,1,1,1,1,1
1169,999,999,999,999,999,999,999,999,999,999,999,1,1,5,5,5,5
1170,999,999,999,999,999,999,999,999,999,999,999,1,1,1,1,1,5
1171,999,999,999,999,999,999,999,999,999,999,999,1,1,5,5,5,5
1176,999,999,999,999,999,999,999,999,999,999,999,1,1,1,1,1,1
1180,999,999,999,999,999,999,999,999,999,999,999,1,1,5,5,5,5
1182,999,999,999,999,999,999,999,999,999,999,999,1,1,1,1,1,1
1183,999,999,999,999,999,999,999,999,999,999,999,1,1,5,5,5,5
1190,999,999,999,999,999,999,999,999,999,999,999,1,1,1,1,1,1
1193,999,999,999,999,999,999,999,999,999,999,999,1,1,1,1,1,1
1201,999,999,999,999,999,999,999,999,999,999,999,1,1,1,1,1,1
1206,999,999,999,999,999,999,999,999,999,999,999,1,1,1,1,1,1
1211,999,999,999,999,999,999,999,999,999,999,999,1,1,1,1,1,1
1221,999,999,999,999,999,999,999,999,999,999,999,999,1,1,1,1,1
1229,999,999,999,999,999,999,999,999,999,999,999,999,1,1,1,1,1
1231,999,999,999,999,999,999,999,999,999,999,999,999,1,1,1,1,1
1232,999,999,999,999,999,999,999,999,999,999,999,999,1,1,1,1,1
1233,999,999,999,999,999,999,999,999,999,999,999,999,1,1,1,3,5
1234,999,999,999,999,999,999,999,999,999,999,999,999,1,1,1,1,1
1238,999,999,999,999,999,999,999,999,999,999,999,999,1,1,1,1,5
1243,999,999,999,999,999,999,999,999,999,999,999,999,1,1,1,1,1
1244,999,999,999,999,999,999,999,999,999,999,999,999,1,1,1,1,1
1246,999,999,999,999,999,999,999,999,999,999,999,999,1,1,1,1,1
1247,999,999,999,999,999,999,999,999,999,999,999,999,1,1,4,5,5
1255,999,999,999,999,999,999,999,999,999,999,999,999,999,1,1,5,5
1258,999,999,999,999,999,999,999,999,999,999,999,999,999,1,1,1,5
1260,999,999,999,999,999,999,999,999,999,999,999,999,999,1,1,1,1
1263,999,999,999,999,999,999,999,999,999,999,999,999,999,1,1,1,1
1265,999,999,999,999,999,999,999,999,999,999,999,999,999,1,1,1,1
1266,999,999,999,999,999,999,999,999,999,999,999,999,999,1,1,5,5
1269,999,999,999,999,999,999,999,999,999,999,999,999,999,1,1,1,1
1271,999,999,999,999,999,999,999,999,999,999,999,999,999,1,1,1,1
1272,999,999,999,999,999,999,999,999,999,999,999,999,999,1,1,1,1
1273,999,999,999,999,999,999,999,999,999,999,999,999,999,1,1,1,1
1274,999,999,999,999,999,999,999,999,999,999,999,999,999,1,1,1,1
1276,999,999,999,999,999,999,999,999,999,999,999,999,999,1,1,1,1
1282,999,999,999,999,999,999,999,999,999,999,999,999,999,1,1,1,1
1283,999,999,999,999,999,999,999,999,999,999,999,999,999,1,1,1,1
1291,999,999,999,999,999,999,999,999,999,999,999,999,999,1,1,1,1
1292,999,999,999,999,999,999,999,999,999,999,999,999,999,1,1,1,1
1294,999,999,999,999,999,999,999,999,999,999,999,999,999,999,1,1,1
1295,999,999,999,999,999,999,999,999,999,999,999,999,999,999,1,1,1
1296,999,999,999,999,999,999,999,999,999,999,999,999,999,999,1,5,5
1298,999,999,999,999,999,999,999,999,999,999,999,999,999,999,1,1,1
1299,999,999,999,999,999,999,999,999,999,999,999,999,999,999,1,1,1
1300,999,999,999,999,999,999,999,999,999,999,999,999,999,999,1,1,1
1302,999,999,999,999,999,999,999,999,999,999,999,999,999,999,1,1,1
1304,999,999,999,999,999,999,999,999,999,999,999,999,999,999,1,1,1
1309,999,999,999,999,999,999,999,999,999,999,999,999,999,999,1,1,1
1311,999,999,999,999,999,999,999,999,999,999,999,999,999,999,1,1,1
1312,999,999,999,999,999,999,999,999,999,999,999,999,999,999,1,5,5
1315,999,999,999,999,999,999,999,999,999,999,999,999,999,999,1,1,5
1318,999,999,999,999,999,999,999,999,999,999,999,999,999,999,1,5,5
1319,999,999,999,999,999,999,999,999,999,999,999,999,999,999,1,1,1
1323,999,999,999,999,999,999,999,999,999,999,999,999,999,999,1,1,1
1326,999,999,999,999,999,999,999,999,999,999,999,999,999,999,1,1,1
1329,999,999,999,999,999,999,999,999,999,999,999,999,999,999,1,1,1
1335,999,999,999,999,999,999,999,999,999,999,999,999,999,999,1,1,1
1336,999,999,999,999,999,999,999,999,999,999,999,999,999,999,1,1,5
1337,999,999,999,999,999,999,999,999,999,999,999,999,999,999,1,1,1
1338,999,999,999,999,999,999,999,999,999,999,999,999,999,999,1,1,1
1340,999,999,999,999,999,999,999,999,999,999,999,999,999,999,1,1,1
1343,999,999,999,999,999,999,999,999,999,999,999,999,999,999,1,1,5
1347,999,999,999,999,999,999,999,999,999,999,999,999,999,999,1,1,1
1348,999,999,999,999,999,999,999,999,999,999,999,999,999,999,1,1,1
1349,999,999,999,999,999,999,999,999,999,999,999,999,999,999,1,1,1
1350,999,999,999,999,999,999,999,999,999,999,999,999,999,999,1,1,1
1351,999,999,999,999,999,999,999,999,999,999,999,999,999,999,1,1,1
1354,999,999,999,999,999,999,999,999,999,999,999,999,999,999,1,1,1
1356,999,999,999,999,999,999,999,999,999,999,999,999,999,999,1,1,1
1358,999,999,999,999,999,999,999,999,999,999,999,999,999,999,1,1,1
1362,999,999,999,999,999,999,999,999,999,999,999,999,999,999,1,1,5
1363,999,999,999,999,999,999,999,999,999,999,999,999,999,999,1,1,5
1364,999,999,999,999,999,999,999,999,999,999,999,999,999,999,1,1,1
1365,999,999,999,999,999,999,999,999,999,999,999,999,999,999,1,1,1
1367,999,999,999,999,999,999,999,999,999,999,999,999,999,999,1,1,1
1368,999,999,999,999,999,999,999,999,999,999,999,999,999,999,1,1,1
1370,999,999,999,999,999,999,999,999,999,999,999,999,999,999,1,1,1
1371,999,999,999,999,999,999,999,999,999,999,999,999,999,999,1,1,1
1373,999,999,999,999,999,999,999,999,999,999,999,999,999,999,1,1,1
1376,999,999,999,999,999,999,999,999,999,999,999,999,999,999,1,1,1
1379,999,999,999,999,999,999,999,999,999,999,999,999,999,999,1,1,1
1380,999,999,999,999,999,999,999,999,999,999,999,999,999,999,1,1,1
1381,999,999,999,999,999,999,999,999,999,999,999,999,999,999,1,1,5
1382,999,999,999,999,999,999,999,999,999,999,999,999,999,999,1,1,1
1387,999,999,999,999,999,999,999,999,999,999,999,999,999,999,999,1,1
1388,999,999,999,999,999,999,999,999,999,999,999,999,999,999,999,1,1
1393,999,999,999,999,999,999,999,999,999,999,999,999,999,999,999,1,1
1394,999,999,999,999,999,999,999,999,999,999,999,999,999,999,999,1,1
1396,999,999,999,999,999,999,999,999,999,999,999,999,999,999,999,1,1
1398,999,999,999,999,999,999,999,999,999,999,999,999,999,999,999,1,1
1402,999,999,999,999,999,999,999,999,999,999,999,999,999,999,999,1,1
1408,999,999,999,999,999,999,999,999,999,999,999,999,999,999,999,1,1
1409,999,999,999,999,999,999,999,999,999,999,999,999,999,999,999,1,1
1411,999,999,999,999,999,999,999,999,999,999,999,999,999,999,999,1,1
1413,999,999,999,999,999,999,999,999,999,999,999,999,999,999,999,1,1
1414,999,999,999,999,999,999,999,999,999,999,999,999,999,999,999,1,1
1416,999,999,999,999,999,999,999,999,999,999,999,999,999,999,999,1,1
1417,999,999,999,999,999,999,999,999,999,999,999,999,999,999,999,1,1
1418,999,999,999,999,999,999,999,999,999,999,999,999,999,999,999,1,1
1419,999,999,999,999,999,999,999,999,999,999,999,999,999,999,999,1,1
1422,999,999,999,999,999,999,999,999,999,999,999,999,999,999,999,1,1
1423,999,999,999,999,999,999,999,999,999,999,999,999,999,999,999,1,1
1424,999,999,999,999,999,999,999,999,999,999,999,999,999,999,999,1,1
1432,999,999,999,999,999,999,999,999,999,999,999,999,999,999,999,1,1
1433,999,999,999,999,999,999,999,999,999,999,999,999,999,999,999,1,1
1434,999,999,999,999,999,999,999,999,999,999,999,999,999,999,999,1,1
1436,999,999,999,999,999,999,999,999,999,999,999,999,999,999,999,1,1
1437,999,999,999,999,999,999,999,999,999,999,999,999,999,999,999,1,1
1439,999,999,999,999,999,999,999,999,999,999,999,999,999,999,999,1,1
1440,999,999,999,999,999,999,999,999,999,999,999,999,999,999,999,4,5
1442,999,999,999,999,999,999,999,999,999,999,999,999,999,999,999,1,1
